CRASH DATE,CRASH TIME,BOROUGH,ZIP CODE,LATITUDE,LONGITUDE,LOCATION,ON STREET NAME,CROSS STREET NAME,OFF STREET NAME,NUMBER OF PERSONS INJURED,NUMBER OF PERSONS KILLED,NUMBER OF PEDESTRIANS INJURED,NUMBER OF PEDESTRIANS KILLED,NUMBER OF CYCLIST INJURED,NUMBER OF CYCLIST KILLED,NUMBER OF MOTORIST INJURED,NUMBER OF MOTORIST KILLED,CONTRIBUTING FACTOR VEHICLE 1,CONTRIBUTING FACTOR VEHICLE 2,CONTRIBUTING FACTOR VEHICLE 3,CONTRIBUTING FACTOR VEHICLE 4,CONTRIBUTING FACTOR VEHICLE 5,COLLISION_ID,VEHICLE TYPE CODE 1,VEHICLE TYPE CODE 2,VEHICLE TYPE CODE 3,VEHICLE TYPE CODE 4,VEHICLE TYPE CODE 5
09/11/2021,2:39,,,21.9378263,96.1206227,"(21.9378263, 96.1206227)",WHITESTONE EXPRESSWAY,20 AVENUE,,2,0,0,0,0,0,2,0,Aggressive Driving/Road Rage,Unspecified,,,,4455765,Sedan,Sedan,,,
03/26/2022,11:45,,,21.9477432,96.1303347,"(21.9477432, 96.1303347)",QUEENSBORO BRIDGE UPPER,,,1,0,0,0,0,0,1,0,Pavement Slippery,,,,,4513547,Sedan,,,,
06/29/2022,6:55,,,21.9577603,96.1402913,"(21.9577603, 96.1402913)",THROGS NECK BRIDGE,,,0,0,0,0,0,0,0,0,Following Too Closely,Unspecified,,,,4541903,Sedan,Pick-up Truck,,,
09/11/2021,9:35,BROOKLYN,11208,21.9378263,96.150318,"(21.9378263, 96.1206227)",,,1211      LORING AVENUE,0,0,0,0,0,0,0,0,Unspecified,,,,,4456314,Sedan,,,,
12/14/2021,8:13,BROOKLYN,11233,21.9477432,96.1603192,"(21.9378263, 96.1206227)",SARATOGA AVENUE,DECATUR STREET,,0,0,0,0,0,0,0,0,,,,,,4486609,,,,,
04/14/2021,12:47,,,21.9577603,96.1206227,"(21.9477432, 96.1303347)",MAJOR DEEGAN EXPRESSWAY RAMP,,,0,0,0,0,0,0,0,0,Unspecified,Unspecified,,,,4407458,Dump,Sedan,,,
12/14/2021,17:05,,,21.9378263,96.1303347,"(21.9577603, 96.1402913)",BROOKLYN QUEENS EXPRESSWAY,,,0,0,0,0,0,0,0,0,Passing Too Closely,Unspecified,,,,4486555,Sedan,Tractor Truck Diesel,,,
12/14/2021,8:17,BRONX,10475,21.9477432,96.1402913,"(21.9378263, 96.1206227)",,,344       BAYCHESTER AVENUE,2,0,0,0,0,0,2,0,Unspecified,Unspecified,,,,4486660,Sedan,Sedan,,,
12/14/2021,21:10,BROOKLYN,11207,21.9577603,96.150318,"(21.9378263, 96.1206227)",,,2047      PITKIN AVENUE,0,0,0,0,0,0,0,0,Driver Inexperience,Unspecified,,,,4487074,Sedan,,,,
12/14/2021,14:58,MANHATTAN,10017,21.9378263,96.1603192,"(21.9477432, 96.1303347)",3 AVENUE,EAST 43 STREET,,0,0,0,0,0,0,0,0,Passing Too Closely,Unspecified,,,,4486519,Sedan,Station Wagon/Sport Utility Vehicle,,,
12/13/2021,0:34,,,21.9477432,96.1206227,"(21.9577603, 96.1402913)",MYRTLE AVENUE,,,0,0,0,0,0,0,0,0,Passing or Lane Usage Improper,Unspecified,,,,4486934,Station Wagon/Sport Utility Vehicle,,,,
12/14/2021,16:50,QUEENS,11413,21.9577603,96.1303347,"(21.9378263, 96.1206227)",SPRINGFIELD BOULEVARD,EAST GATE PLAZA,,0,0,0,0,0,0,0,0,Turning Improperly,Unspecified,,,,4487127,Sedan,Station Wagon/Sport Utility Vehicle,,,
12/14/2021,8:30,,,21.9378263,96.1402913,"(21.9378263, 96.1206227)",broadway,west 80 street -west 81 street,,0,0,0,0,0,0,0,0,Unsafe Lane Changing,Unspecified,,,,4486634,Station Wagon/Sport Utility Vehicle,Sedan,,,
12/14/2021,0:59,,,21.9477432,96.150318,"(21.9477432, 96.1303347)",BELT PARKWAY,,,0,0,0,0,0,0,0,0,Unsafe Speed,,,,,4486564,Sedan,,,,
12/14/2021,23:10,QUEENS,11434,21.9577603,96.1603192,"(21.9577603, 96.1402913)",NORTH CONDUIT AVENUE,150 STREET,,2,0,0,0,0,0,2,0,Reaction to Uninvolved Vehicle,Unspecified,,,,4486635,Sedan,Sedan,,,
12/14/2021,17:58,BROOKLYN,11217,21.9378263,96.1206227,"(21.9378263, 96.1206227)",,,480       DEAN STREET,0,0,0,0,0,0,0,0,Passing Too Closely,Unspecified,,,,4486604,Tanker,Station Wagon/Sport Utility Vehicle,,,
12/14/2021,20:03,BROOKLYN,11226,21.9477432,96.1303347,"(21.9378263, 96.1206227)",,,878       FLATBUSH AVENUE,4,0,0,0,0,0,4,0,Steering Failure,,,,,4486991,Sedan,,,,
12/14/2021,1:28,,,21.9577603,96.1402913,"(21.9477432, 96.1303347)",MEEKER AVENUE,LORIMER STREET,,3,0,0,0,0,0,3,0,Traffic Control Disregarded,Unspecified,,,,4486284,Station Wagon/Sport Utility Vehicle,Station Wagon/Sport Utility Vehicle,,,
12/11/2021,19:43,BRONX,10463,21.9378263,96.150318,"(21.9577603, 96.1402913)",WEST KINGSBRIDGE ROAD,HEATH AVENUE,,1,0,0,0,0,0,1,0,Unspecified,Unspecified,,,,4487040,Station Wagon/Sport Utility Vehicle,Sedan,,,
12/14/2021,14:30,,,21.9477432,96.1603192,"(21.9378263, 96.1206227)",WHITESTONE EXPRESSWAY,,,0,0,0,0,0,0,0,0,Following Too Closely,Unspecified,Unspecified,,,4486537,Station Wagon/Sport Utility Vehicle,Sedan,Sedan,,
12/11/2021,4:45,MANHATTAN,10001,21.9577603,96.1206227,"(21.9378263, 96.1206227)",,,232       WEST 30 STREET,0,0,0,0,0,0,0,0,Following Too Closely,Unspecified,,,,4486905,Station Wagon/Sport Utility Vehicle,,,,
12/14/2021,5:46,,,21.9378263,96.1303347,"(21.9477432, 96.1303347)",LONG ISLAND EXPRESSWAY,,,1,0,0,0,0,0,1,0,Other Vehicular,Other Vehicular,,,,4487122,Station Wagon/Sport Utility Vehicle,Station Wagon/Sport Utility Vehicle,,,
12/13/2021,6:30,QUEENS,11372,21.9477432,96.1402913,"(21.9577603, 96.1402913)",82 STREET,34 AVENUE,,0,0,0,0,0,0,0,0,Unspecified,,,,,4486967,Sedan,,,,
12/14/2021,3:43,,,21.9577603,96.150318,"(21.9378263, 96.1206227)",LEXINGTON AVENUE,,,1,0,1,0,0,0,0,0,Unspecified,,,,,4486304,Station Wagon/Sport Utility Vehicle,,,,
12/13/2021,17:40,STATEN ISLAND,10301,21.9378263,96.1603192,"(21.9378263, 96.1206227)",VICTORY BOULEVARD,WOODSTOCK AVENUE,,1,0,0,0,0,0,1,0,Unspecified,Unspecified,,,,4487001,Sedan,Sedan,,,
12/14/2021,17:31,BROOKLYN,11230,21.9477432,96.1206227,"(21.9477432, 96.1303347)",EAST 18 STREET,AVENUE K,,1,0,1,0,0,0,0,0,Unspecified,,,,,4486516,Sedan,,,,
12/14/2021,20:13,BROOKLYN,11215,21.9577603,96.1303347,"(21.9577603, 96.1402913)",,,366       12 STREET,0,0,0,0,0,0,0,0,Passing Too Closely,Unspecified,,,,4486605,Sedan,,,,
12/14/2021,12:54,BROOKLYN,11217,21.9378263,96.1402913,"(21.9378263, 96.1206227)",FULTON STREET,SAINT FELIX STREET,,1,0,0,0,1,0,0,0,Unspecified,Unspecified,,,,4487052,Sedan,Bike,,,
12/14/2021,17:15,BROOKLYN,11211,21.9477432,96.150318,"(21.9378263, 96.1206227)",GRAND STREET,UNION AVENUE,,1,0,0,0,0,0,1,0,Passing or Lane Usage Improper,Unspecified,,,,4486556,Bus,Station Wagon/Sport Utility Vehicle,,,
12/14/2021,22:49,BRONX,10455,21.9577603,96.1603192,"(21.9477432, 96.1303347)",,,713       EAGLE AVENUE,0,0,0,0,0,0,0,0,Driver Inattention/Distraction,Unspecified,,,,4486875,Taxi,,,,
12/12/2021,9:00,QUEENS,11385,21.9378263,96.1206227,"(21.9577603, 96.1402913)",,,59-14     67 AVENUE,0,0,0,0,0,0,0,0,Passing Too Closely,Unspecified,,,,4486933,Station Wagon/Sport Utility Vehicle,,,,
12/14/2021,16:25,,,21.9477432,96.1303347,"(21.9378263, 96.1206227)",EAST 93 STREET,,,1,0,0,0,1,0,0,0,Driver Inattention/Distraction,Driver Inattention/Distraction,,,,4486581,Van,Bike,,,
04/14/2021,14:30,,,21.9577603,96.1402913,"(21.9378263, 96.1206227)",EASTCHESTER ROAD,PELHAM PARKWAY NORTH,,0,0,0,0,0,0,0,0,Driver Inattention/Distraction,Unspecified,,,,4407520,Bus,,,,
12/16/2021,6:59,,,21.9378263,96.150318,"(21.9477432, 96.1303347)",KINGSLAND AVENUE,MEEKER AVENUE,,1,0,1,0,0,0,0,0,Traffic Control Disregarded,,,,,4486960,,,,,
06/29/2022,16:00,,,21.9477432,96.1603192,"(21.9577603, 96.1402913)",WILLIAMSBURG BRIDGE OUTER ROADWA,,,1,0,0,0,0,0,1,0,Driver Inattention/Distraction,Unspecified,,,,4542336,Motorscooter,Station Wagon/Sport Utility Vehicle,,,
04/15/2021,16:15,,,21.9577603,96.1206227,"(21.9378263, 96.1206227)",HUTCHINSON RIVER PARKWAY,,,0,0,0,0,0,0,0,0,Pavement Slippery,,,,,4407665,Station Wagon/Sport Utility Vehicle,,,,
07/07/2021,11:42,,,21.9378263,96.1303347,"(21.9378263, 96.1206227)",THROGS NECK BRIDGE,,,1,0,0,0,0,0,1,0,Unsafe Lane Changing,Unspecified,,,,4456591,Sedan,Sedan,,,
07/12/2022,17:50,BROOKLYN,11225,21.9477432,96.1402913,"(21.9477432, 96.1303347)",,,44        EMPIRE BOULEVARD,0,0,0,0,0,0,0,0,Oversized Vehicle,Unspecified,,,,4545699,Sedan,,,,
03/23/2022,10:00,,,21.9577603,96.150318,"(21.9577603, 96.1402913)",,,71        EAST DRIVE,0,0,0,0,0,0,0,0,Pedestrian/Bicyclist/Other Pedestrian Error/Confusion,,,,,4512922,Bike,,,,
07/09/2021,0:43,,,21.9378263,96.1603192,"(21.9378263, 96.1206227)",ELIOT AVENUE,,,0,1,0,1,0,0,0,0,Unspecified,,,,,4456659,Bus,,,,
04/24/2022,16:45,,,21.9477432,96.1206227,"(21.9378263, 96.1206227)",STATEN ISLAND EXPRESSWAY,,,1,0,0,0,0,0,1,0,Driver Inattention/Distraction,Unspecified,,,,4521660,Station Wagon/Sport Utility Vehicle,Station Wagon/Sport Utility Vehicle,,,
04/24/2022,4:49,,,21.9577603,96.1303347,"(21.9477432, 96.1303347)",BOSTON ROAD,BRONX PARK EAST,,0,0,0,0,0,0,0,0,Unspecified,Unspecified,,,,4521759,Station Wagon/Sport Utility Vehicle,Sedan,,,
04/22/2022,17:17,,,21.9378263,96.1402913,"(21.9577603, 96.1402913)",EAST 107 STREET,,,1,0,1,0,0,0,0,0,Traffic Control Disregarded,,,,,4522226,E-Bike,,,,
04/24/2022,1:30,BROOKLYN,11220,21.9477432,96.150318,"(21.9378263, 96.1206227)",,,5610      4 AVENUE,0,0,0,0,0,0,0,0,Unspecified,,,,,4522015,Station Wagon/Sport Utility Vehicle,,,,
04/24/2022,6:00,QUEENS,11411,21.9577603,96.1603192,"(21.9378263, 96.1206227)",,,116-44    234 STREET,0,0,0,0,0,0,0,0,Unsafe Lane Changing,Unspecified,,,,4521460,Sedan,Station Wagon/Sport Utility Vehicle,,,
04/24/2022,21:40,BRONX,10452,21.9378263,96.1206227,"(21.9477432, 96.1303347)",BOSCOBEL PLACE,UNIVERSITY AVENUE,,0,0,0,0,0,0,0,0,Alcohol Involvement,Unspecified,,,,4522156,Taxi,Station Wagon/Sport Utility Vehicle,,,
04/24/2022,17:45,BRONX,10466,21.9477432,96.1303347,"(21.9577603, 96.1402913)",BRONX RIVER PARKWAY,EAST 233 STREET,,0,0,0,0,0,0,0,0,Driver Inattention/Distraction,Unspecified,,,,4521633,Sedan,,,,
04/15/2022,6:11,,,21.9577603,96.1402913,"(21.9378263, 96.1206227)",EAST 162 STREET,,,1,0,0,0,0,0,0,0,Driver Inattention/Distraction,Unspecified,,,,4522124,Station Wagon/Sport Utility Vehicle,E-Scooter,,,
04/24/2022,9:51,,,21.9378263,96.150318,"(21.9378263, 96.1206227)",CROSS BRONX EXPY,,,0,0,0,0,0,0,0,0,Unspecified,Unspecified,,,,4521937,Sedan,,,,
04/24/2022,0:00,BRONX,10453,21.9477432,96.1603192,"(21.9477432, 96.1303347)",MAJOR DEEGAN EXPRESSWAY,WEST FORDHAM ROAD,,0,0,0,0,0,0,0,0,Driver Inattention/Distraction,Unspecified,,,,4521801,Sedan,,,,
03/08/2022,20:00,BROOKLYN,11207,21.9577603,96.1206227,"(21.9577603, 96.1402913)",,,360       SNEDIKER AVENUE,0,0,0,0,0,0,0,0,Unspecified,Unspecified,,,,4522285,Sedan,,,,
04/24/2022,15:35,MANHATTAN,10019,21.9378263,96.1303347,"(21.9378263, 96.1206227)",WEST 56 STREET,9 AVENUE,,1,0,0,0,1,0,0,0,View Obstructed/Limited,Unspecified,,,,4521853,Station Wagon/Sport Utility Vehicle,Bike,,,
04/22/2022,12:00,BROOKLYN,11230,21.9477432,96.1402913,"(21.9378263, 96.1206227)",AVENUE J,OCEAN PARKWAY,,1,0,0,0,0,0,1,0,Unspecified,Unspecified,,,,4522228,Sedan,Pick-up Truck,,,
04/24/2022,13:10,,,21.9577603,96.150318,"(21.9477432, 96.1303347)",SAINT MARKS AVENUE,6 AVENUE,,0,0,0,0,0,0,0,0,Turning Improperly,Unspecified,,,,4521702,Station Wagon/Sport Utility Vehicle,,,,
04/24/2022,4:20,BROOKLYN,11221,21.9378263,96.1603192,"(21.9577603, 96.1402913)",THROOP AVENUE,DE KALB AVENUE,,1,0,0,0,0,0,1,0,Traffic Control Disregarded,Unspecified,,,,4522167,Station Wagon/Sport Utility Vehicle,Station Wagon/Sport Utility Vehicle,,,
04/20/2022,19:37,,,21.9477432,96.1206227,"(21.9378263, 96.1206227)",HENRY HUDSON PARKWAY,,,0,0,0,0,0,0,0,0,Driver Inexperience,Unspecified,,,,4522196,Sedan,Station Wagon/Sport Utility Vehicle,,,
04/24/2022,16:14,,,21.9577603,96.1303347,"(21.9378263, 96.1206227)",ROCKAWAY AVENUE,,,0,0,0,0,0,0,0,0,Unspecified,Unspecified,,,,4521758,Sedan,Sedan,,,
04/12/2022,19:56,BROOKLYN,11203,21.9378263,96.1402913,"(21.9477432, 96.1303347)",UTICA AVENUE,SNYDER AVENUE,,1,0,1,0,0,0,0,0,Failure to Yield Right-of-Way,,,,,4522136,Station Wagon/Sport Utility Vehicle,,,,
04/24/2022,0:30,,,21.9477432,96.150318,"(21.9577603, 96.1402913)",BELT PARKWAY,,,1,0,0,0,0,0,1,0,Driver Inattention/Distraction,Unspecified,Unspecified,Unspecified,,4521469,Sedan,Sedan,Station Wagon/Sport Utility Vehicle,Station Wagon/Sport Utility Vehicle,
04/24/2022,20:13,QUEENS,11419,21.9577603,96.1603192,"(21.9378263, 96.1206227)",,,102-24    VANWYCK EXPRESSWAY,0,0,0,0,0,0,0,0,Aggressive Driving/Road Rage,,,,,4521859,Sedan,,,,
04/24/2022,15:21,QUEENS,11101,21.9378263,96.1206227,"(21.9378263, 96.1206227)",THOMSON AVENUE,SKILLMAN AVENUE,,1,0,0,0,0,0,1,0,Driver Inattention/Distraction,Driver Inattention/Distraction,,,,4521590,Sedan,Sedan,,,
04/24/2022,10:27,,,21.9477432,96.1303347,"(21.9477432, 96.1303347)",VANWYCK EXPRESSWAY,109 AVENUE,,1,0,0,0,0,0,1,0,Traffic Control Disregarded,Traffic Control Disregarded,,,,4521902,Sedan,Station Wagon/Sport Utility Vehicle,,,
04/24/2022,21:00,QUEENS,11106,21.9577603,96.1402913,"(21.9577603, 96.1402913)",21 STREET,37 AVENUE,,1,0,0,0,0,0,1,0,Driver Inattention/Distraction,Unspecified,,,,4521684,Sedan,Sedan,,,
04/24/2022,21:40,QUEENS,11418,21.9378263,96.150318,"(21.9378263, 96.1206227)",JAMAICA AVENUE,102 STREET,,0,0,0,0,0,0,0,0,Reaction to Uninvolved Vehicle,Unspecified,,,,4521858,Ambulance,Station Wagon/Sport Utility Vehicle,,,
04/07/2022,14:14,MANHATTAN,10017,21.9477432,96.1603192,"(21.9378263, 96.1206227)",1 AVENUE,EAST 41 STREET,,0,0,0,0,0,0,0,0,Driver Inattention/Distraction,Passing or Lane Usage Improper,,,,4522242,Sedan,Station Wagon/Sport Utility Vehicle,,,
06/29/2021,17:35,,,21.9577603,96.1206227,"(21.9477432, 96.1303347)",BEACH CHANNEL DRIVE,,,0,0,0,0,0,0,0,0,Passing or Lane Usage Improper,Unspecified,,,,4456672,Station Wagon/Sport Utility Vehicle,E-Bike,,,
12/09/2021,20:20,BROOKLYN,11223,21.9378263,96.1303347,"(21.9577603, 96.1402913)",EAST 7 STREET,CRAWFORD AVENUE,,1,0,0,0,1,0,0,0,Driver Inattention/Distraction,Unspecified,,,,4485150,Bike,,,,
12/09/2021,14:50,,,21.9477432,96.1402913,"(21.9378263, 96.1206227)",WEST 177 STREET,,,0,0,0,0,0,0,0,0,Unspecified,Unspecified,,,,4485116,Station Wagon/Sport Utility Vehicle,Sedan,,,
12/09/2021,2:45,QUEENS,11422,21.9577603,96.150318,"(21.9378263, 96.1206227)",149 AVENUE,HUXLEY STREET,,1,0,0,0,0,0,1,0,Alcohol Involvement,,,,,4485026,Sedan,,,,
12/06/2021,22:16,,,21.9378263,96.1603192,"(21.9477432, 96.1303347)",AVENUE J,,,0,0,0,0,0,0,0,0,Unsafe Speed,Unspecified,,,,4485528,Sedan,,,,
12/04/2021,12:00,BROOKLYN,11213,21.9477432,96.1206227,"(21.9577603, 96.1402913)",CROWN STREET,SCHENECTADY AVENUE,,0,0,0,0,0,0,0,0,Driver Inattention/Distraction,Driver Inattention/Distraction,,,,4485333,Sedan,Ambulance,,,
12/08/2021,16:20,MANHATTAN,10128,21.9577603,96.1303347,"(21.9378263, 96.1206227)",EAST END AVENUE,EAST 88 STREET,,0,0,0,0,0,0,0,0,Failure to Yield Right-of-Way,Unspecified,,,,4485234,Taxi,Station Wagon/Sport Utility Vehicle,,,
12/09/2021,23:15,BROOKLYN,11218,21.9378263,96.1402913,"(21.9378263, 96.1206227)",12 AVENUE,41 STREET,,1,0,0,0,1,0,0,0,Driver Inattention/Distraction,Driver Inattention/Distraction,,,,4485355,Sedan,Bike,,,
12/01/2021,14:34,QUEENS,11692,21.9477432,96.150318,"(21.9477432, 96.1303347)",,,437       BEACH 68 STREET,0,0,0,0,0,0,0,0,Unsafe Speed,Unspecified,,,,4485581,Sedan,Pick-up Truck,,,
12/10/2021,7:00,QUEENS,11420,21.9577603,96.1603192,"(21.9577603, 96.1402913)",,,122-42    134 STREET,0,0,0,0,0,0,0,0,Passing or Lane Usage Improper,Unspecified,,,,4485866,Sedan,,,,
12/07/2021,9:20,,,21.9378263,96.1206227,"(21.9378263, 96.1206227)",TAYLOR STREET,,,0,0,0,0,0,0,0,0,Steering Failure,,,,,4485192,Station Wagon/Sport Utility Vehicle,,,,
12/09/2021,8:00,,,21.9477432,96.1303347,"(21.9378263, 96.1206227)",WEST SHORE EXPRESSWAY,,,0,0,0,0,0,0,0,0,Following Too Closely,Unspecified,,,,4485214,Sedan,Station Wagon/Sport Utility Vehicle,,,
12/07/2021,17:08,BROOKLYN,11205,21.9577603,96.1402913,"(21.9477432, 96.1303347)",FLUSHING AVENUE,KENT AVENUE,,0,0,0,0,0,0,0,0,Following Too Closely,Unspecified,,,,4485437,,,,,
12/05/2021,8:20,BROOKLYN,11212,21.9378263,96.150318,"(21.9577603, 96.1402913)",,,393       ROCKAWAY PARKWAY,0,0,0,0,0,0,0,0,Unspecified,,,,,4485408,Sedan,,,,
12/08/2021,19:30,MANHATTAN,10022,21.9477432,96.1603192,"(21.9378263, 96.1206227)",,,127       EAST 58 STREET,1,0,0,0,1,0,0,0,Following Too Closely,Reaction to Uninvolved Vehicle,,,,4484852,Station Wagon/Sport Utility Vehicle,Bike,,,
12/08/2021,12:00,MANHATTAN,10011,21.9577603,96.1206227,"(21.9378263, 96.1206227)",,,44        WEST 14 STREET,1,0,0,0,1,0,0,0,Passing or Lane Usage Improper,Unspecified,,,,4485542,Box Truck,Bike,,,
12/10/2021,8:06,,,21.9378263,96.1303347,"(21.9477432, 96.1303347)",FLATBUSH AVENUE,GRAND ARMY PLAZA,,0,0,0,0,0,0,0,0,Unsafe Lane Changing,Unspecified,,,,4485170,Garbage or Refuse,Sedan,,,
12/08/2021,19:30,,,21.9477432,96.1402913,"(21.9577603, 96.1402913)",OCEAN PARKWAY,,,4,0,0,0,0,0,4,0,Unsafe Speed,Unspecified,,,,4485523,Taxi,Station Wagon/Sport Utility Vehicle,,,
12/08/2021,22:37,STATEN ISLAND,10314,21.9577603,96.150318,"(21.9378263, 96.1206227)",,,288       MANOR ROAD,0,0,0,0,0,0,0,0,Pavement Slippery,,,,,4484906,Sedan,,,,
12/08/2021,17:56,,,21.9378263,96.1603192,"(21.9378263, 96.1206227)",MAJOR DEEGAN EXPRESSWAY,,,0,0,0,0,0,0,0,0,Unspecified,,,,,4485036,Sedan,,,,
12/07/2021,7:50,,,21.9477432,96.1206227,"(21.9477432, 96.1303347)",CARROLL STREET,,,0,0,0,0,0,0,0,0,Driver Inattention/Distraction,Unspecified,,,,4485772,Sedan,Sedan,,,
12/08/2021,0:44,QUEENS,11101,21.9577603,96.1303347,"(21.9577603, 96.1402913)",23 STREET,40 AVENUE,,0,0,0,0,0,0,0,0,View Obstructed/Limited,,,,,4485565,Sedan,,,,
12/08/2021,15:00,,,21.9378263,96.1402913,"(21.9378263, 96.1206227)",AVENUE Y,,,0,0,0,0,0,0,0,0,Passing Too Closely,,,,,4484836,Sedan,,,,
12/10/2021,11:00,BRONX,10461,21.9477432,96.150318,"(21.9378263, 96.1206227)",,,2123      LURTING AVENUE,0,0,0,0,0,0,0,0,Oversized Vehicle,Unspecified,,,,4485340,Station Wagon/Sport Utility Vehicle,Station Wagon/Sport Utility Vehicle,,,
12/10/2021,1:10,,,21.9577603,96.1603192,"(21.9477432, 96.1303347)",SCHENECTADY AVENUE,,,0,0,0,0,0,0,0,0,Driver Inattention/Distraction,Unspecified,,,,4485706,Station Wagon/Sport Utility Vehicle,Sedan,,,
12/09/2021,0:00,,,21.9378263,96.1206227,"(21.9577603, 96.1402913)",47 ROAD,,,1,0,1,0,0,0,0,0,Unspecified,,,,,4485384,Sedan,,,,
12/08/2021,18:36,,,21.9477432,96.1303347,"(21.9378263, 96.1206227)",HENRY HUDSON PARKWAY,,,0,0,0,0,0,0,0,0,Passing or Lane Usage Improper,Unspecified,,,,4484799,Sedan,Station Wagon/Sport Utility Vehicle,,,
12/09/2021,20:30,QUEENS,11004,21.9577603,96.1402913,"(21.9378263, 96.1206227)",,,269-01    76 AVENUE,0,0,0,0,0,0,0,0,Illnes,,,,,4485077,Sedan,,,,
12/09/2021,10:13,BROOKLYN,11203,21.9378263,96.150318,"(21.9477432, 96.1303347)",KINGS HIGHWAY,FARRAGUT ROAD,,2,0,0,0,0,0,2,0,Traffic Control Disregarded,Traffic Control Disregarded,,,,4485090,Sedan,Sedan,,,
03/26/2022,14:00,STATEN ISLAND,10301,21.9477432,96.1603192,"(21.9577603, 96.1402913)",CORSON AVENUE,WESTERVELT AVENUE,,0,0,0,0,0,0,0,0,Driver Inattention/Distraction,Unspecified,,,,4513697,Sedan,Sedan,,,
03/26/2022,1:02,MANHATTAN,10025,21.9577603,96.1206227,"(21.9378263, 96.1206227)",WEST 101 STREET,BROADWAY,,1,0,0,0,0,0,1,0,Traffic Control Disregarded,Unspecified,,,,4513935,Sedan,Moped,,,
03/26/2022,16:02,QUEENS,11373,21.9378263,96.1303347,"(21.9378263, 96.1206227)",QUEENS BOULEVARD,57 AVENUE,,1,0,0,0,0,0,1,0,Lost Consciousness,Unspecified,,,,4513794,Station Wagon/Sport Utility Vehicle,Sedan,,,
03/26/2022,16:05,QUEENS,11411,21.9477432,96.1402913,"(21.9477432, 96.1303347)",115 AVENUE,221 STREET,,1,0,0,0,0,0,1,0,Following Too Closely,Unspecified,,,,4514267,Station Wagon/Sport Utility Vehicle,Bus,,,
03/21/2022,12:05,MANHATTAN,10018,21.9577603,96.150318,"(21.9577603, 96.1402913)",,,515       WEST 36 STREET,1,0,0,0,0,0,1,0,Following Too Closely,Unspecified,,,,4514237,Motorcycle,Sedan,,,
03/26/2022,5:13,QUEENS,11418,21.9378263,96.1603192,"(21.9378263, 96.1206227)",131 STREET,ATLANTIC AVENUE,,0,0,0,0,0,0,0,0,Failure to Yield Right-of-Way,Unspecified,,,,4513470,Station Wagon/Sport Utility Vehicle,Station Wagon/Sport Utility Vehicle,,,
03/26/2022,17:42,BROOKLYN,11234,21.9477432,96.1206227,"(21.9378263, 96.1206227)",,,935       EAST 58 STREET,0,0,0,0,0,0,0,0,Driver Inattention/Distraction,Unspecified,,,,4513751,Sedan,,,,
03/26/2022,12:18,BRONX,10466,21.9577603,96.1303347,"(21.9477432, 96.1303347)",LACONIA AVENUE,EAST 231 STREET,,2,0,0,0,0,0,2,0,Failure to Yield Right-of-Way,Unspecified,,,,4514075,Station Wagon/Sport Utility Vehicle,Station Wagon/Sport Utility Vehicle,,,
03/26/2022,20:10,BRONX,10462,21.9378263,96.1402913,"(21.9577603, 96.1402913)",,,1706      HOLLAND AVENUE,0,0,0,0,0,0,0,0,Unspecified,,,,,4513857,Station Wagon/Sport Utility Vehicle,,,,
03/26/2022,15:45,BRONX,10472,21.9477432,96.150318,"(21.9378263, 96.1206227)",WHITE PLAINS ROAD,CROSS BRONX EXPRESSWAY,,2,0,0,0,0,0,2,0,Alcohol Involvement,Unspecified,,,,4514202,Station Wagon/Sport Utility Vehicle,,,,
03/26/2022,17:55,BROOKLYN,11206,21.9577603,96.1603192,"(21.9378263, 96.1206227)",MANHATTAN AVENUE,BOERUM STREET,,0,0,0,0,0,0,0,0,Driver Inattention/Distraction,Unspecified,,,,4514347,Sedan,,,,
03/26/2022,0:50,BROOKLYN,11236,21.9378263,96.1206227,"(21.9477432, 96.1303347)",AVENUE N,EAST 102 STREET,,0,0,0,0,0,0,0,0,Unsafe Speed,Unspecified,,,,4513495,Sedan,Station Wagon/Sport Utility Vehicle,,,
03/26/2022,14:05,BROOKLYN,11210,21.9477432,96.1303347,"(21.9577603, 96.1402913)",,,2067      NOSTRAND AVENUE,1,0,0,0,0,0,1,0,Unsafe Speed,Unspecified,,,,4513874,Station Wagon/Sport Utility Vehicle,Motorcycle,,,
03/26/2022,9:30,,,21.9577603,96.1402913,"(21.9378263, 96.1206227)",BRUCKNER BOULEVARD,EAST 137 STREET,,0,0,0,0,0,0,0,0,Unspecified,,,,,4514263,Sedan,,,,
03/10/2022,8:30,BROOKLYN,11238,21.9378263,96.150318,"(21.9378263, 96.1206227)",PROSPECT PLACE,GRAND AVENUE,,4,0,0,0,0,0,4,0,Other Vehicular,Following Too Closely,Unspecified,,,4514323,Station Wagon/Sport Utility Vehicle,Station Wagon/Sport Utility Vehicle,Sedan,,
03/24/2022,23:00,BRONX,10472,21.9477432,96.1603192,"(21.9477432, 96.1303347)",WATSON AVENUE,CASTLE HILL AVENUE,,1,0,1,0,0,0,0,0,Unspecified,,,,,4514182,Sedan,,,,
03/26/2022,7:36,BROOKLYN,11209,21.9577603,96.1206227,"(21.9577603, 96.1402913)",FORT HAMILTON PARKWAY,97 STREET,,0,0,0,0,0,0,0,0,Brakes Defective,Unspecified,Unspecified,,,4513515,Station Wagon/Sport Utility Vehicle,Taxi,Sedan,,
03/26/2022,11:50,BROOKLYN,11236,21.9378263,96.1303347,"(21.9378263, 96.1206227)",EAST 94 STREET,AVENUE M,,2,0,2,0,0,0,0,0,Failure to Yield Right-of-Way,,,,,4513663,Station Wagon/Sport Utility Vehicle,,,,
03/26/2022,17:42,QUEENS,11420,21.9477432,96.1402913,"(21.9378263, 96.1206227)",114 STREET,SUTTER AVENUE,,0,0,0,0,0,0,0,0,Passing Too Closely,Unspecified,,,,4513953,Station Wagon/Sport Utility Vehicle,Sedan,,,
03/26/2022,1:45,MANHATTAN,10065,21.9577603,96.150318,"(21.9477432, 96.1303347)",EAST 62 STREET,1 AVENUE,,0,0,0,0,0,0,0,0,Driver Inattention/Distraction,Driver Inattention/Distraction,,,,4513985,Sedan,Sedan,,,
03/26/2022,17:00,BROOKLYN,11249,21.9378263,96.1603192,"(21.9577603, 96.1402913)",,,98        SOUTH 4 STREET,0,0,0,0,0,0,0,0,Passing or Lane Usage Improper,Unspecified,,,,4514084,Sedan,Station Wagon/Sport Utility Vehicle,,,
02/25/2022,11:48,QUEENS,11432,21.9477432,96.1206227,"(21.9378263, 96.1206227)",JAMAICA AVENUE,165 STREET,,0,0,0,0,0,0,0,0,Following Too Closely,Following Too Closely,,,,4514144,E-Scooter,Sedan,,,
03/26/2022,22:51,,,21.9577603,96.1303347,"(21.9378263, 96.1206227)",WEST 30 STREET,,,1,0,1,0,0,0,0,0,Failure to Yield Right-of-Way,,,,,4513606,Sedan,,,,
03/26/2022,8:21,MANHATTAN,10032,21.9378263,96.1402913,"(21.9477432, 96.1303347)",SAINT NICHOLAS AVENUE,WEST 159 STREET,,0,0,0,0,0,0,0,0,Driver Inattention/Distraction,Unspecified,,,,4513564,Box Truck,Station Wagon/Sport Utility Vehicle,,,
03/17/2022,8:00,,,21.9477432,96.150318,"(21.9577603, 96.1402913)",139 STREET,,,1,0,0,0,0,0,1,0,Traffic Control Disregarded,Unspecified,,,,4514412,Sedan,Station Wagon/Sport Utility Vehicle,,,
03/26/2022,10:30,BROOKLYN,11220,21.9577603,96.1603192,"(21.9378263, 96.1206227)",,,736       56 STREET,0,0,0,0,0,0,0,0,Backing Unsafely,Unspecified,,,,4513587,Station Wagon/Sport Utility Vehicle,Station Wagon/Sport Utility Vehicle,,,
12/16/2021,9:23,,,21.9378263,96.1206227,"(21.9378263, 96.1206227)",JACKIE ROBINSON EXPY,JAMAICA AVENUE,,0,0,0,0,0,0,0,0,Unspecified,Unspecified,,,,4487185,Station Wagon/Sport Utility Vehicle,Sedan,,,
03/26/2022,13:48,MANHATTAN,10032,21.9477432,96.1303347,"(21.9477432, 96.1303347)",,,1016      SAINT NICHOLAS AVENUE,1,0,1,0,0,0,0,0,,,,,,4513565,,,,,
03/25/2022,9:56,,,21.9577603,96.1402913,"(21.9577603, 96.1402913)",EAST 241 STREET,,,0,0,0,0,0,0,0,0,Driver Inattention/Distraction,Unspecified,Unspecified,,,4514286,Station Wagon/Sport Utility Vehicle,Sedan,Sedan,,
03/26/2022,23:45,QUEENS,11104,21.9378263,96.150318,"(21.9378263, 96.1206227)",47 STREET,GREENPOINT AVENUE,,1,0,0,0,0,0,1,0,Driver Inattention/Distraction,Unspecified,,,,4513637,Sedan,Sedan,,,
03/26/2022,1:26,,,21.9477432,96.1603192,"(21.9378263, 96.1206227)",GOWANUS RAMP,,,0,0,0,0,0,0,0,0,Unsafe Speed,Unspecified,,,,4513528,UTILITY,Station Wagon/Sport Utility Vehicle,,,
03/22/2022,9:07,BROOKLYN,11238,21.9577603,96.1206227,"(21.9477432, 96.1303347)",GRAND AVENUE,GREENE AVENUE,,1,0,1,0,0,0,0,0,Aggressive Driving/Road Rage,,,,,4514139,Sedan,,,,
03/26/2022,16:00,BROOKLYN,11207,21.9378263,96.1303347,"(21.9577603, 96.1402913)",SUTTER AVENUE,SCHENCK AVENUE,,1,0,0,0,0,0,1,0,Driver Inattention/Distraction,Unspecified,Unspecified,,,4513833,Sedan,Sedan,Station Wagon/Sport Utility Vehicle,,
03/26/2022,23:17,MANHATTAN,10002,21.9477432,96.1402913,"(21.9378263, 96.1206227)",ESSEX STREET,EAST HOUSTON STREET,,1,0,0,0,0,0,1,0,Following Too Closely,Unspecified,,,,4513887,Station Wagon/Sport Utility Vehicle,Sedan,,,
03/23/2022,9:00,,,21.9577603,96.150318,"(21.9378263, 96.1206227)",FLATBUSH AVENUE,,,1,0,0,0,0,0,1,0,Traffic Control Disregarded,Unspecified,,,,4514160,Sedan,Motorcycle,,,
03/26/2022,5:00,,,21.9378263,96.1603192,"(21.9477432, 96.1303347)",BRONX RIVER PARKWAY,,,0,0,0,0,0,0,0,0,Following Too Closely,Unspecified,,,,4514002,Sedan,Sedan,,,
03/25/2022,6:15,,,21.9477432,96.1206227,"(21.9577603, 96.1402913)",EAST 120 STREET,,,1,0,0,0,0,0,1,0,Traffic Control Disregarded,Unspecified,Unspecified,,,4514152,Sedan,Station Wagon/Sport Utility Vehicle,Station Wagon/Sport Utility Vehicle,,
03/26/2022,21:50,,,21.9577603,96.1303347,"(21.9378263, 96.1206227)",FDR DRIVE,,,1,0,0,0,0,0,1,0,Driver Inattention/Distraction,Driver Inattention/Distraction,,,,4513626,Taxi,Sedan,,,
03/26/2022,21:25,BROOKLYN,11225,21.9378263,96.1402913,"(21.9378263, 96.1206227)",,,200       ROGERS AVENUE,0,0,0,0,0,0,0,0,Driver Inattention/Distraction,Unspecified,,,,4513774,Station Wagon/Sport Utility Vehicle,Station Wagon/Sport Utility Vehicle,,,
03/25/2022,18:13,BROOKLYN,11218,21.9477432,96.150318,"(21.9477432, 96.1303347)",,,604       EAST 2 STREET,2,0,0,0,0,0,2,0,Unspecified,Unspecified,Unspecified,Unspecified,,4514376,Sedan,Sedan,Sedan,Sedan,
03/26/2022,20:10,BRONX,10456,21.9577603,96.1603192,"(21.9577603, 96.1402913)",EAST 168 STREET,3 AVENUE,,1,0,1,0,0,0,0,0,Unspecified,,,,,4513982,Sedan,,,,
03/25/2022,12:55,,,21.9378263,96.1206227,"(21.9378263, 96.1206227)",GRAND CONCOURSE,,,0,0,0,0,0,0,0,0,Passing Too Closely,Unspecified,,,,4514220,Station Wagon/Sport Utility Vehicle,Pick-up Truck,,,
03/23/2022,11:00,,,21.9477432,96.1303347,"(21.9378263, 96.1206227)",GULF AVENUE,,,0,0,0,0,0,0,0,0,Driver Inattention/Distraction,Unspecified,,,,4514413,Station Wagon/Sport Utility Vehicle,Sedan,,,
03/26/2022,3:05,BROOKLYN,11236,21.9577603,96.1402913,"(21.9477432, 96.1303347)",AVENUE J,EAST 92 STREET,,1,0,0,0,0,0,1,0,Unspecified,,,,,4513664,Sedan,,,,
03/26/2022,4:34,BRONX,10468,21.9378263,96.150318,"(21.9577603, 96.1402913)",WEST FORDHAM ROAD,CEDAR AVENUE,,1,0,0,0,0,0,1,0,Unspecified,,,,,4513725,Station Wagon/Sport Utility Vehicle,,,,
03/26/2022,19:56,BROOKLYN,11201,21.9477432,96.1603192,"(21.9378263, 96.1206227)",,,11        METROTECH CENTER,0,0,0,0,0,0,0,0,Unspecified,,,,,4514298,Sedan,,,,
03/26/2022,12:40,BROOKLYN,11219,21.9577603,96.1206227,"(21.9378263, 96.1206227)",65 STREET,FORT HAMILTON PARKWAY,,0,0,0,0,0,0,0,0,Unspecified,Unspecified,,,,4513573,Sedan,Sedan,,,
03/26/2022,1:58,BRONX,10472,21.9378263,96.1303347,"(21.9477432, 96.1303347)",,,1670      WATSON AVENUE,0,0,0,0,0,0,0,0,Turning Improperly,Unspecified,,,,4514201,Sedan,Sedan,,,
03/26/2022,19:56,,,21.9477432,96.1402913,"(21.9577603, 96.1402913)",GERRITSEN AVENUE,AVENUE S,,0,0,0,0,0,0,0,0,Unspecified,Unspecified,,,,4514030,Station Wagon/Sport Utility Vehicle,,,,
03/26/2022,0:30,BROOKLYN,11221,21.9577603,96.150318,"(21.9378263, 96.1206227)",MADISON STREET,CENTRAL AVENUE,,0,0,0,0,0,0,0,0,Unspecified,Unspecified,,,,4514125,Station Wagon/Sport Utility Vehicle,Station Wagon/Sport Utility Vehicle,,,
03/16/2022,15:44,MANHATTAN,10017,21.9378263,96.1603192,"(21.9378263, 96.1206227)",49 street,5 avenue,,1,0,1,0,0,0,0,0,Unspecified,,,,,4514194,Bike,,,,
03/26/2022,20:05,BROOKLYN,11207,21.9477432,96.1206227,"(21.9477432, 96.1303347)",BUSHWICK AVENUE,CONWAY STREET,,0,0,0,0,0,0,0,0,Driver Inattention/Distraction,Unspecified,,,,4514278,Sedan,Sedan,,,
03/26/2022,17:54,BROOKLYN,11226,21.9577603,96.1303347,"(21.9577603, 96.1402913)",,,168       EAST 29 STREET,4,0,0,0,0,0,4,0,Passing Too Closely,Unspecified,,,,4513803,Sedan,Station Wagon/Sport Utility Vehicle,,,
03/25/2022,17:55,,,21.9378263,96.1402913,"(21.9378263, 96.1206227)",NOSTRAND AVENUE,,,0,0,0,0,0,0,0,0,Traffic Control Disregarded,Unspecified,,,,4514241,Sedan,Motorcycle,,,
12/12/2021,9:09,,,21.9477432,96.150318,"(21.9378263, 96.1206227)",JEROME AVENUE,,,0,1,0,1,0,0,0,0,Unspecified,,,,,4487210,Taxi,,,,
04/13/2021,16:00,BROOKLYN,11222,21.9577603,96.1603192,"(21.9477432, 96.1303347)",VANDERVORT AVENUE,ANTHONY STREET,,0,0,0,0,0,0,0,0,Following Too Closely,Unspecified,,,,4407811,Sedan,,,,
08/05/2021,18:17,,,21.9378263,96.1206227,"(21.9577603, 96.1402913)",VERRAZANO BRIDGE,,,0,0,0,0,0,0,0,0,Glare,Unspecified,,,,4456746,Sedan,Sedan,,,
03/26/2022,16:35,BROOKLYN,11235,21.9477432,96.1303347,"(21.9378263, 96.1206227)",,,3071      BRIGHTON 4 STREET,0,0,0,0,0,0,0,0,Driver Inattention/Distraction,Unspecified,Unspecified,,,4513878,Station Wagon/Sport Utility Vehicle,Sedan,Station Wagon/Sport Utility Vehicle,,
03/26/2022,19:50,MANHATTAN,10012,21.9577603,96.1402913,"(21.9378263, 96.1206227)",,,60        WASHINGTON SQUARE SOUTH,1,0,0,0,1,0,0,0,Passenger Distraction,Unspecified,,,,4513735,E-Bike,BOX VAN,,,
03/26/2022,13:19,QUEENS,11420,21.9378263,96.150318,"(21.9477432, 96.1303347)",ROCKAWAY BOULEVARD,132 STREET,,0,0,0,0,0,0,0,0,Failure to Yield Right-of-Way,Unspecified,,,,4513958,Station Wagon/Sport Utility Vehicle,Sedan,,,
03/25/2022,8:45,BROOKLYN,11230,21.9477432,96.1603192,"(21.9577603, 96.1402913)",,,1175      MC DONALD AVENUE,2,0,0,0,0,0,2,0,Unspecified,Unspecified,,,,4514367,Sedan,Sedan,,,
03/26/2022,10:10,BROOKLYN,11217,21.9577603,96.1206227,"(21.9378263, 96.1206227)",UNION STREET,PLAZA STREET WEST,,0,0,0,0,0,0,0,0,Passing or Lane Usage Improper,Unspecified,,,,4513681,Station Wagon/Sport Utility Vehicle,Station Wagon/Sport Utility Vehicle,,,
03/26/2022,11:45,,,21.9378263,96.1303347,"(21.9378263, 96.1206227)",BROOKLYN QUEENS EXPRESSWAY,,,1,0,0,0,0,0,1,0,Reaction to Uninvolved Vehicle,Driver Inattention/Distraction,,,,4514212,Station Wagon/Sport Utility Vehicle,Station Wagon/Sport Utility Vehicle,,,
03/25/2022,14:35,,,21.9477432,96.1402913,"(21.9477432, 96.1303347)",PORT RICHMOND AVENUE,HATFIELD PLACE,,1,0,1,0,0,0,0,0,Failure to Yield Right-of-Way,,,,,4514420,Sedan,,,,
03/26/2022,14:30,STATEN ISLAND,10305,21.9577603,96.150318,"(21.9577603, 96.1402913)",MCCLEAN AVENUE,SAND LANE,,0,0,0,0,0,0,0,0,Backing Unsafely,Unspecified,,,,4513923,Sedan,Sedan,,,
03/26/2022,19:00,BROOKLYN,11234,21.9378263,96.1603192,"(21.9378263, 96.1206227)",,,1549      EAST 56 STREET,0,0,0,0,0,0,0,0,Backing Unsafely,Unspecified,,,,4513752,Sedan,,,,
03/26/2022,2:05,,,21.9477432,96.1206227,"(21.9378263, 96.1206227)",PARSONS BOULEVARD,GRAND CENTRAL PARKWAY,,0,0,0,0,0,0,0,0,Driver Inattention/Distraction,Unspecified,,,,4513924,Taxi,Pick-up Truck,,,
03/26/2022,16:40,BROOKLYN,11217,21.9577603,96.1303347,"(21.9477432, 96.1303347)",,,436       ATLANTIC AVENUE,2,0,0,0,0,0,2,0,Passing or Lane Usage Improper,Unspecified,,,,4513860,Station Wagon/Sport Utility Vehicle,Station Wagon/Sport Utility Vehicle,,,
03/24/2022,18:05,BROOKLYN,11206,21.9378263,96.1402913,"(21.9577603, 96.1402913)",MARCY AVENUE,ELLERY STREET,,0,0,0,0,0,0,0,0,Driver Inattention/Distraction,Unspecified,,,,4514251,Sedan,Station Wagon/Sport Utility Vehicle,,,
03/26/2022,3:35,,,21.9477432,96.150318,"(21.9378263, 96.1206227)",179 STREET,,,1,0,0,0,0,0,1,0,Reaction to Uninvolved Vehicle,Unspecified,,,,4513478,Sedan,Station Wagon/Sport Utility Vehicle,,,
03/20/2022,10:34,MANHATTAN,10024,21.9577603,96.1603192,"(21.9378263, 96.1206227)",WEST 76 STREET,CENTRAL PARK WEST,,1,0,1,0,0,0,0,0,Backing Unsafely,,,,,4514302,Sedan,,,,
03/26/2022,14:54,MANHATTAN,10001,21.9378263,96.1206227,"(21.9477432, 96.1303347)",AVENUE OF THE AMERICAS,WEST 31 STREET,,0,0,0,0,0,0,0,0,Passing or Lane Usage Improper,Unspecified,,,,4513708,Sedan,Taxi,,,
03/25/2022,6:35,BRONX,10472,21.9477432,96.1303347,"(21.9577603, 96.1402913)",,,1700      CROSS BRONX EXPRESSWAY,0,0,0,0,0,0,0,0,Following Too Closely,Unspecified,,,,4514189,Station Wagon/Sport Utility Vehicle,Sedan,,,
03/25/2022,14:00,,,21.9577603,96.1402913,"(21.9378263, 96.1206227)",LEONARD AVENUE,FISKE AVENUE,,0,0,0,0,0,0,0,0,Driver Inattention/Distraction,Unspecified,,,,4514419,Station Wagon/Sport Utility Vehicle,Pick-up Truck,,,
03/21/2022,19:13,,,21.9378263,96.150318,"(21.9378263, 96.1206227)",WASHINGTON SQUARE NORTH,,,1,0,0,0,1,0,0,0,Driver Inattention/Distraction,Unspecified,,,,4514234,Sedan,Bike,,,
03/26/2022,5:02,BROOKLYN,11223,21.9477432,96.1603192,"(21.9477432, 96.1303347)",CONEY ISLAND AVENUE,QUENTIN ROAD,,0,0,0,0,0,0,0,0,Fell Asleep,Unspecified,,,,4513496,Station Wagon/Sport Utility Vehicle,Station Wagon/Sport Utility Vehicle,,,
03/25/2022,9:45,,,21.9577603,96.1206227,"(21.9577603, 96.1402913)",CROSS ISLAND PARKWAY,,,0,0,0,0,0,0,0,0,Unspecified,Unspecified,Unspecified,Unspecified,,4514266,Station Wagon/Sport Utility Vehicle,Station Wagon/Sport Utility Vehicle,Station Wagon/Sport Utility Vehicle,Station Wagon/Sport Utility Vehicle,
03/26/2022,22:54,BROOKLYN,11217,21.9378263,96.1303347,"(21.9378263, 96.1206227)",,,177       4 AVENUE,0,0,0,0,0,0,0,0,Failure to Yield Right-of-Way,Unspecified,,,,4513680,Taxi,Sedan,,,
03/26/2022,21:00,BROOKLYN,11219,21.9477432,96.1402913,"(21.9378263, 96.1206227)",,,1115      63 STREET,0,0,0,0,0,0,0,0,Driver Inattention/Distraction,Unspecified,,,,4513861,Sedan,,,,
03/26/2022,17:29,BROOKLYN,11213,21.9577603,96.150318,"(21.9477432, 96.1303347)",EASTERN PARKWAY,UTICA AVENUE,,1,0,0,0,0,0,1,0,Driver Inattention/Distraction,Unspecified,,,,4514326,Station Wagon/Sport Utility Vehicle,Sedan,,,
03/26/2022,2:10,MANHATTAN,10018,21.9378263,96.1603192,"(21.9577603, 96.1402913)",WEST 38 STREET,8 AVENUE,,1,0,0,0,1,0,0,0,Failure to Yield Right-of-Way,Unspecified,,,,4513739,Bike,,,,
03/25/2022,0:00,BRONX,10458,21.9477432,96.1206227,"(21.9378263, 96.1206227)",EAST FORDHAM ROAD,SOUTHERN BOULEVARD,,0,0,0,0,0,0,0,0,Driver Inattention/Distraction,Unspecified,,,,4514180,Station Wagon/Sport Utility Vehicle,Sedan,,,
03/26/2022,4:00,BRONX,10468,21.9577603,96.1303347,"(21.9378263, 96.1206227)",GRAND CONCOURSE,EAST 183 STREET,,0,0,0,0,0,0,0,0,Unsafe Speed,Unspecified,,,,4514209,Station Wagon/Sport Utility Vehicle,Sedan,,,
03/26/2022,4:34,QUEENS,11385,21.9378263,96.1402913,"(21.9477432, 96.1303347)",CENTRAL AVENUE,66 PLACE,,0,0,0,0,0,0,0,0,Unsafe Speed,,,,,4513795,Sedan,,,,
03/09/2022,11:56,,,21.9477432,96.150318,"(21.9577603, 96.1402913)",WEST 84 STREET,,,1,0,1,0,0,0,0,0,Failure to Yield Right-of-Way,,,,,4514297,Station Wagon/Sport Utility Vehicle,,,,
03/26/2022,14:41,BROOKLYN,11228,21.9577603,96.1603192,"(21.9378263, 96.1206227)",70 STREET,12 AVENUE,,0,0,0,0,0,0,0,0,Passing or Lane Usage Improper,Unspecified,,,,4513572,Station Wagon/Sport Utility Vehicle,,,,
03/26/2022,18:00,QUEENS,11361,21.9378263,96.1206227,"(21.9378263, 96.1206227)",39 AVENUE,BELL BOULEVARD,,0,0,0,0,0,0,0,0,Unspecified,Unspecified,,,,4513591,Sedan,Sedan,,,
03/26/2022,13:30,,,21.9477432,96.1303347,"(21.9477432, 96.1303347)",AVENUE U,,,0,0,0,0,0,0,0,0,Driver Inattention/Distraction,Unspecified,,,,4514011,Sedan,,,,
03/26/2022,13:20,STATEN ISLAND,10305,21.9577603,96.1402913,"(21.9577603, 96.1402913)",SAINT JOHNS AVENUE,TOMPKINS AVENUE,,1,0,0,0,0,0,1,0,Traffic Control Disregarded,Unspecified,,,,4513701,Station Wagon/Sport Utility Vehicle,4 dr sedan,,,
03/25/2022,21:35,MANHATTAN,10035,21.9378263,96.150318,"(21.9378263, 96.1206227)",,,231       EAST 117 STREET,0,0,0,0,0,0,0,0,Following Too Closely,Unspecified,,,,4514155,Taxi,Sedan,,,
03/23/2022,21:00,QUEENS,11354,21.9477432,96.1603192,"(21.9378263, 96.1206227)",,,25-03     120 STREET,0,0,0,0,0,0,0,0,Unspecified,,,,,4514334,Sedan,,,,
03/26/2022,12:00,QUEENS,11377,21.9577603,96.1206227,"(21.9477432, 96.1303347)",,,39-34     51 STREET,0,0,0,0,0,0,0,0,Unspecified,,,,,4513548,Sedan,,,,
03/26/2022,13:28,BROOKLYN,11206,21.9378263,96.1303347,"(21.9577603, 96.1402913)",GRAHAM AVENUE,DEBEVOISE STREET,,1,0,0,0,0,0,1,0,Following Too Closely,Unspecified,,,,4514046,Station Wagon/Sport Utility Vehicle,Station Wagon/Sport Utility Vehicle,,,
03/26/2022,19:12,QUEENS,11419,21.9477432,96.1402913,"(21.9378263, 96.1206227)",,,94-39     120 STREET,0,0,0,0,0,0,0,0,Unsafe Speed,Unspecified,,,,4513581,Station Wagon/Sport Utility Vehicle,Sedan,,,
03/26/2022,21:29,QUEENS,11374,21.9577603,96.150318,"(21.9378263, 96.1206227)",WETHEROLE STREET,65 ROAD,,1,0,1,0,0,0,0,0,Unsafe Speed,,,,,4513772,Bike,,,,
03/25/2022,13:21,BRONX,10458,21.9378263,96.1603192,"(21.9477432, 96.1303347)",EAST 188 STREET,ARTHUR AVENUE,,1,0,0,0,0,0,1,0,Driver Inattention/Distraction,Driver Inattention/Distraction,,,,4514221,Sedan,Sedan,,,
03/22/2022,8:20,BRONX,10467,21.9477432,96.1206227,"(21.9577603, 96.1402913)",BURKE AVENUE,BRONX PARK EAST,,1,0,0,0,1,0,0,0,Turning Improperly,Unspecified,,,,4514277,Sedan,Bike,,,
03/26/2022,22:30,BROOKLYN,11238,21.9577603,96.1303347,"(21.9378263, 96.1206227)",,,386       CLINTON AVENUE,0,0,0,0,0,0,0,0,Passing or Lane Usage Improper,Unspecified,,,,4514166,Sedan,,,,
03/26/2022,11:20,,,21.9378263,96.1402913,"(21.9378263, 96.1206227)",CONEY ISLAND AVENUE,,,1,0,0,0,0,0,1,0,Alcohol Involvement,Driver Inattention/Distraction,,,,4513691,Sedan,,,,
03/26/2022,18:17,QUEENS,11422,21.9477432,96.150318,"(21.9477432, 96.1303347)",130 AVENUE,BROOKVILLE BOULEVARD,,0,0,0,0,0,0,0,0,Passing or Lane Usage Improper,Unspecified,,,,4513782,Sedan,Station Wagon/Sport Utility Vehicle,,,
03/14/2022,10:30,QUEENS,11433,21.9577603,96.1603192,"(21.9577603, 96.1402913)",,,160-18    110 AVENUE,0,0,0,0,0,0,0,0,Unspecified,,,,,4514390,Station Wagon/Sport Utility Vehicle,,,,
03/26/2022,1:30,,,21.9378263,96.1206227,"(21.9378263, 96.1206227)",CALAMUS AVENUE,72 STREET,,0,0,0,0,0,0,0,0,Driver Inattention/Distraction,Unspecified,Unspecified,,,4514215,Pick-up Truck,Station Wagon/Sport Utility Vehicle,Sedan,,
03/26/2022,3:23,BRONX,10475,21.9477432,96.1303347,"(21.9378263, 96.1206227)",,,2291      NEW ENGLAND THRUWAY,1,0,0,0,0,0,1,0,Following Too Closely,Unspecified,,,,4513994,Box Truck,Sedan,,,
03/26/2022,1:45,BROOKLYN,11238,21.9577603,96.1402913,"(21.9477432, 96.1303347)",,,41        IRVING PLACE,0,0,0,0,0,0,0,0,Driver Inattention/Distraction,Unspecified,,,,4513503,Taxi,Station Wagon/Sport Utility Vehicle,,,
03/05/2022,14:52,MANHATTAN,10035,21.9378263,96.150318,"(21.9577603, 96.1402913)",,,30        PALADINO AVENUE,0,0,0,0,0,0,0,0,Unspecified,,,,,4514151,Sedan,,,,
03/26/2022,20:27,,,21.9477432,96.1603192,"(21.9378263, 96.1206227)",FULTON STREET,,,0,0,0,0,0,0,0,0,Passing or Lane Usage Improper,Unspecified,,,,4513655,Sedan,E-Bike,,,
03/26/2022,18:19,MANHATTAN,10019,21.9577603,96.1206227,"(21.9378263, 96.1206227)",WEST 51 STREET,11 AVENUE,,0,0,0,0,0,0,0,0,Unspecified,,,,,4514070,Sedan,,,,
03/26/2022,23:00,QUEENS,11420,21.9378263,96.1303347,"(21.9477432, 96.1303347)",,,115-36    122 STREET,0,0,0,0,0,0,0,0,Alcohol Involvement,Unspecified,Unspecified,,,4513952,Station Wagon/Sport Utility Vehicle,Station Wagon/Sport Utility Vehicle,Station Wagon/Sport Utility Vehicle,,
03/26/2022,18:00,BROOKLYN,11207,21.9477432,96.1402913,"(21.9577603, 96.1402913)",GEORGIA AVENUE,LIVONIA AVENUE,,0,0,0,0,0,0,0,0,Unsafe Speed,Unspecified,,,,4513827,Sedan,Sedan,,,
03/23/2022,20:40,,,21.9577603,96.150318,"(21.9378263, 96.1206227)",WEST STREET,,,0,0,0,0,0,0,0,0,Unsafe Speed,,,,,4514285,Station Wagon/Sport Utility Vehicle,,,,
04/24/2022,11:45,,,21.9378263,96.1603192,"(21.9378263, 96.1206227)",BELT PARKWAY,,,0,0,0,0,0,0,0,0,Driver Inattention/Distraction,Unspecified,,,,4521782,Sedan,,,,
09/11/2021,12:01,MANHATTAN,10016,21.9477432,96.1206227,"(21.9477432, 96.1303347)",,,3         EAST 31 STREET,0,0,0,0,0,0,0,0,Passing or Lane Usage Improper,Unspecified,,,,4457012,Station Wagon/Sport Utility Vehicle,,,,
09/10/2021,11:00,BROOKLYN,11230,21.9577603,96.1303347,"(21.9577603, 96.1402913)",OCEAN PARKWAY,AVENUE M,,0,0,0,0,0,0,0,0,Unspecified,Unspecified,,,,4457022,Station Wagon/Sport Utility Vehicle,Station Wagon/Sport Utility Vehicle,,,
09/11/2021,20:15,MANHATTAN,10013,21.9378263,96.1402913,"(21.9378263, 96.1206227)",,,116       FRANKLIN STREET,0,0,0,0,0,0,0,0,Unspecified,,,,,4456987,Station Wagon/Sport Utility Vehicle,,,,
09/09/2021,8:15,BROOKLYN,11238,21.9477432,96.150318,"(21.9378263, 96.1206227)",,,590       DEAN STREET,0,0,0,0,0,0,0,0,Backing Unsafely,,,,,4456970,,,,,
12/10/2021,23:07,BROOKLYN,11233,21.9577603,96.1603192,"(21.9477432, 96.1303347)",BERGEN STREET,EASTERN PARKWAY,,0,0,0,0,0,0,0,0,Unspecified,Unspecified,,,,4485574,Sedan,,,,
12/10/2021,21:50,,,21.9378263,96.1206227,"(21.9577603, 96.1402913)",MAJOR DEEGAN EXPRESSWAY,,,0,0,0,0,0,0,0,0,Other Vehicular,,,,,4485894,Station Wagon/Sport Utility Vehicle,,,,
11/27/2021,5:40,BROOKLYN,11234,21.9477432,96.1303347,"(21.9378263, 96.1206227)",,,1100      EAST 58 STREET,0,0,0,0,0,0,0,0,Unspecified,Unspecified,Unspecified,,,4485637,Sedan,Station Wagon/Sport Utility Vehicle,,,
12/09/2021,5:15,,,21.9577603,96.1402913,"(21.9378263, 96.1206227)",ROCKAWAY BOULEVARD,VANWYCK EXPRESSWAY,,1,0,0,0,0,0,1,0,Traffic Control Disregarded,Traffic Control Disregarded,,,,4484930,Sedan,Sedan,,,
12/08/2021,12:58,BROOKLYN,11225,21.9378263,96.150318,"(21.9477432, 96.1303347)",,,203       LINCOLN ROAD,0,0,0,0,0,0,0,0,Unspecified,,,,,4484996,Convertible,,,,
12/08/2021,17:50,,,21.9477432,96.1603192,"(21.9577603, 96.1402913)",CROSS BRONX EXPY,,,0,0,0,0,0,0,0,0,Following Too Closely,Unspecified,Unspecified,,,4484861,Tractor Truck Diesel,Sedan,Pick-up Truck,,
12/10/2021,4:30,QUEENS,11369,21.9577603,96.1206227,"(21.9378263, 96.1206227)",,,30-27     87 STREET,0,0,0,0,0,0,0,0,Driver Inattention/Distraction,Unspecified,,,,4485177,Sedan,Station Wagon/Sport Utility Vehicle,,,
12/10/2021,21:22,,,21.9378263,96.1303347,"(21.9378263, 96.1206227)",FRANKLIN AVENUE,,,1,0,1,0,0,0,0,0,Failure to Yield Right-of-Way,,,,,4485316,Station Wagon/Sport Utility Vehicle,,,,
12/10/2021,8:30,BRONX,10457,21.9477432,96.1402913,"(21.9477432, 96.1303347)",,,425       CLAREMONT PARKWAY,0,0,0,0,0,0,0,0,Unsafe Lane Changing,Unspecified,,,,4485668,Ambulance,Sedan,,,
12/10/2021,12:15,QUEENS,11101,21.9577603,96.150318,"(21.9577603, 96.1402913)",13 STREET,QUEENS PLAZA SOUTH,,0,0,0,0,0,0,0,0,Driver Inattention/Distraction,Unspecified,,,,4485385,Station Wagon/Sport Utility Vehicle,Tanker,,,
12/08/2021,14:38,BROOKLYN,11217,21.9378263,96.1603192,"(21.9378263, 96.1206227)",,,25        FLATBUSH AVENUE,0,0,0,0,0,0,0,0,Passing Too Closely,Unspecified,,,,4484892,Station Wagon/Sport Utility Vehicle,Sedan,,,
12/03/2021,13:40,,,21.9477432,96.1206227,"(21.9378263, 96.1206227)",HUTCHINSON RIVER PARKWAY,,,0,0,0,0,0,0,0,0,Unspecified,Unspecified,Unspecified,,,4485246,Station Wagon/Sport Utility Vehicle,Station Wagon/Sport Utility Vehicle,Sedan,,
12/10/2021,8:50,BRONX,10455,21.9577603,96.1303347,"(21.9477432, 96.1303347)",,,800       EAST 156 STREET,1,0,0,0,0,0,1,0,Other Vehicular,Other Vehicular,,,,4485893,Station Wagon/Sport Utility Vehicle,Station Wagon/Sport Utility Vehicle,,,
12/09/2021,19:45,BROOKLYN,11236,21.9378263,96.1402913,"(21.9577603, 96.1402913)",GLENWOOD ROAD,EAST 83 STREET,,0,0,0,0,0,0,0,0,Unspecified,,,,,4485586,Sedan,,,,
12/10/2021,16:07,MANHATTAN,10027,21.9477432,96.150318,"(21.9378263, 96.1206227)",,,416       WEST 129 STREET,0,0,0,0,0,0,0,0,Unspecified,Unspecified,,,,4485696,Sedan,AMBULANCE,,,
12/08/2021,6:37,,,21.9577603,96.1603192,"(21.9378263, 96.1206227)",VERRAZANO BRIDGE UPPER,,,0,0,0,0,0,0,0,0,Following Too Closely,Unspecified,Unspecified,Unspecified,,4485123,Sedan,Sedan,Sedan,Sedan,
12/10/2021,21:20,MANHATTAN,10028,21.9378263,96.1206227,"(21.9477432, 96.1303347)",,,204       EAST 84 STREET,0,0,0,0,0,0,0,0,Unsafe Speed,Unspecified,,,,4485914,Station Wagon/Sport Utility Vehicle,Taxi,,,
12/10/2021,23:16,,,21.9477432,96.1303347,"(21.9577603, 96.1402913)",CHAMBERS STREET,,,0,0,0,0,0,0,0,0,Failure to Yield Right-of-Way,Unspecified,,,,4485304,Station Wagon/Sport Utility Vehicle,Sedan,,,
12/09/2021,17:21,,,21.9577603,96.1402913,"(21.9378263, 96.1206227)",BROADWAY,,,2,0,0,0,0,0,2,0,Driver Inattention/Distraction,Unspecified,,,,4485055,Taxi,Sedan,,,
12/09/2021,7:30,BROOKLYN,11223,21.9378263,96.150318,"(21.9378263, 96.1206227)",BOYNTON PLACE,WEST 7 STREET,,0,0,0,0,0,0,0,0,Unspecified,,,,,4485539,Sedan,,,,
11/24/2021,23:58,,,21.9477432,96.1603192,"(21.9477432, 96.1303347)",BROADWAY,,,1,0,1,0,0,0,0,0,Pedestrian/Bicyclist/Other Pedestrian Error/Confusion,,,,,4485241,,,,,
12/09/2021,17:00,MANHATTAN,10019,21.9577603,96.1206227,"(21.9577603, 96.1402913)",,,140       WEST 58 STREET,1,0,0,0,1,0,0,0,Following Too Closely,Unspecified,,,,4485153,Taxi,Bike,,,
12/08/2021,8:15,BROOKLYN,11230,21.9378263,96.1303347,"(21.9378263, 96.1206227)",OCEAN PARKWAY,18 AVENUE,,0,0,0,0,0,0,0,0,Unspecified,Unspecified,Unspecified,,,4484897,Station Wagon/Sport Utility Vehicle,Station Wagon/Sport Utility Vehicle,Station Wagon/Sport Utility Vehicle,,
09/11/2021,2:20,,,21.9477432,96.1402913,"(21.9378263, 96.1206227)",BRONX RIVER PARKWAY,,,1,0,0,0,0,0,1,0,Alcohol Involvement,Unspecified,,,,4456035,Pick-up Truck,Convertible,,,
07/09/2021,12:00,,,21.9577603,96.150318,"(21.9477432, 96.1303347)",ITTNER PLACE,,,0,0,0,0,0,0,0,0,Passing Too Closely,Unspecified,,,,4456704,Station Wagon/Sport Utility Vehicle,Box Truck,,,
09/11/2021,15:25,,,21.9378263,96.1603192,"(21.9577603, 96.1402913)",VERRAZANO BRIDGE UPPER,,,0,0,0,0,0,0,0,0,Unspecified,Unspecified,,,,4456122,Sedan,Sedan,,,
09/10/2021,14:50,,,21.9477432,96.1206227,"(21.9378263, 96.1206227)",BROOKLYN QUEENS EXPRESSWAY,,,0,0,0,0,0,0,0,0,Unspecified,,,,,4456919,Box Truck,,,,
07/01/2021,17:45,QUEENS,11691,21.9577603,96.1303347,"(21.9378263, 96.1206227)",BEACH CHANNEL DRIVE,HORTON AVENUE,,0,0,0,0,0,0,0,0,Passing or Lane Usage Improper,Unspecified,,,,4456686,Station Wagon/Sport Utility Vehicle,Station Wagon/Sport Utility Vehicle,,,
07/07/2021,13:45,MANHATTAN,10014,21.9378263,96.1402913,"(21.9477432, 96.1303347)",LEROY STREET,BEDFORD STREET,,0,0,0,0,0,0,0,0,Driver Inexperience,,,,,4456588,Station Wagon/Sport Utility Vehicle,,,,
09/11/2021,12:00,QUEENS,11432,21.9477432,96.150318,"(21.9577603, 96.1402913)",,,80-25     165 STREET,0,0,0,0,0,0,0,0,Unspecified,,,,,4456879,Station Wagon/Sport Utility Vehicle,,,,
07/07/2021,17:30,,,21.9577603,96.1603192,"(21.9378263, 96.1206227)",BRUCKNER EXPRESSWAY,,,0,0,0,0,0,0,0,0,Unspecified,Unspecified,,,,4456573,Station Wagon/Sport Utility Vehicle,Station Wagon/Sport Utility Vehicle,,,
09/11/2021,2:55,QUEENS,11420,21.9378263,96.1206227,"(21.9378263, 96.1206227)",135 PLACE,133 AVENUE,,0,0,0,0,0,0,0,0,Alcohol Involvement,Unspecified,,,,4455749,Sedan,Sedan,,,
09/11/2021,17:15,STATEN ISLAND,10310,21.9477432,96.1303347,"(21.9477432, 96.1303347)",,,694       FOREST AVENUE,1,0,1,0,0,0,0,0,Unspecified,,,,,4456087,Sedan,,,,
09/03/2021,17:14,BROOKLYN,11231,21.9577603,96.1402913,"(21.9577603, 96.1402913)",CLINTON STREET,DE GRAW STREET,,0,0,0,0,0,0,0,0,Passing Too Closely,Unspecified,,,,4456941,Station Wagon/Sport Utility Vehicle,DL,,,
07/08/2021,12:30,,,21.9378263,96.150318,"(21.9378263, 96.1206227)",FDR DRIVE,,,0,0,0,0,0,0,0,0,Following Too Closely,Unspecified,,,,4456691,Taxi,Pick-up Truck,,,
08/23/2021,11:50,,,21.9477432,96.1603192,"(21.9378263, 96.1206227)",7 AVENUE,,,1,0,1,0,0,0,0,0,Driver Inattention/Distraction,,,,,4456765,Station Wagon/Sport Utility Vehicle,,,,
09/11/2021,21:34,BRONX,10469,21.9577603,96.1206227,"(21.9477432, 96.1303347)",BOSTON ROAD,FENTON AVENUE,,0,0,0,0,0,0,0,0,Turning Improperly,Unspecified,,,,4456435,Sedan,Station Wagon/Sport Utility Vehicle,,,
09/11/2021,11:30,QUEENS,11373,21.9378263,96.1303347,"(21.9577603, 96.1402913)",,,87-46     52 AVENUE,0,0,0,0,0,0,0,0,Passing or Lane Usage Improper,Unspecified,,,,4456181,Sedan,Sedan,,,
09/06/2021,10:34,,,21.9477432,96.1402913,"(21.9378263, 96.1206227)",21 STREET,33 ROAD,,1,0,0,0,0,0,1,0,Reaction to Uninvolved Vehicle,Unspecified,,,,4456550,Sedan,Sedan,,,
07/08/2021,15:56,,,21.9577603,96.150318,"(21.9378263, 96.1206227)",BELT PARKWAY,,,1,0,0,0,0,0,1,0,Other Vehicular,Following Too Closely,,,,4456615,Sedan,Sedan,,,
07/07/2021,23:06,,,21.9378263,96.1603192,"(21.9477432, 96.1303347)",HENRY HUDSON PARKWAY,,,0,0,0,0,0,0,0,0,Passing Too Closely,Unspecified,,,,4456647,Sedan,,,,
09/11/2021,6:51,,,21.9477432,96.1206227,"(21.9577603, 96.1402913)",GREENE AVENUE,,,0,0,0,0,0,0,0,0,Backing Unsafely,Unspecified,,,,4455820,Sedan,Sedan,,,
09/07/2021,12:30,,,21.9577603,96.1303347,"(21.9378263, 96.1206227)",SAINT NICHOLAS AVENUE,,,1,0,1,0,0,0,0,0,Driver Inattention/Distraction,,,,,4456845,Sedan,,,,
09/11/2021,4:10,MANHATTAN,10033,21.9378263,96.1402913,"(21.9378263, 96.1206227)",WEST 181 STREET,FORT WASHINGTON AVENUE,,0,0,0,0,0,0,0,0,Unspecified,,,,,4456191,Station Wagon/Sport Utility Vehicle,Sedan,,,
07/08/2021,9:25,,,21.9477432,96.150318,"(21.9477432, 96.1303347)",BUSHWICK AVENUE,,,0,0,0,0,0,0,0,0,Turning Improperly,Unspecified,,,,4456586,Station Wagon/Sport Utility Vehicle,Sedan,,,
09/11/2021,6:40,,,21.9577603,96.1603192,"(21.9577603, 96.1402913)",LIBERTY AVENUE,,,0,0,0,0,0,0,0,0,Passing Too Closely,Unspecified,Unspecified,,,4456718,Sedan,Sedan,,,
09/11/2021,17:35,QUEENS,11435,21.9378263,96.1206227,"(21.9378263, 96.1206227)",,,137-65    QUEENS BOULEVARD,0,0,0,0,0,0,0,0,Unspecified,Unspecified,,,,4456821,Sedan,Station Wagon/Sport Utility Vehicle,,,
07/08/2021,17:17,STATEN ISLAND,10304,21.9477432,96.1303347,"(21.9378263, 96.1206227)",ROME AVENUE,UPTON STREET,,1,0,0,0,0,0,1,0,Lost Consciousness,Unspecified,,,,4456608,Sedan,Sedan,,,
09/10/2021,3:00,,,21.9577603,96.1402913,"(21.9477432, 96.1303347)",VAN WYCK EXPWY,,,1,0,0,0,0,0,1,0,Unsafe Speed,Unspecified,,,,4456531,Station Wagon/Sport Utility Vehicle,,,,
09/11/2021,5:59,BRONX,10459,21.9378263,96.150318,"(21.9577603, 96.1402913)",EAST 167 STREET,BRYANT AVENUE,,0,0,0,0,0,0,0,0,Unspecified,Unspecified,Unspecified,,,4455832,Station Wagon/Sport Utility Vehicle,Station Wagon/Sport Utility Vehicle,Sedan,,
09/09/2021,11:39,STATEN ISLAND,10306,21.9477432,96.1603192,"(21.9378263, 96.1206227)",CLAWSON STREET,PRINCETON AVENUE,,1,0,0,0,0,0,1,0,Passing or Lane Usage Improper,Unspecified,,,,4456735,Sedan,Station Wagon/Sport Utility Vehicle,,,
04/13/2021,17:30,QUEENS,11106,21.9577603,96.1206227,"(21.9378263, 96.1206227)",33 st,31ave,,0,0,0,0,0,0,0,0,Driver Inattention/Distraction,Unspecified,,,,4408019,Sedan,Sedan,,,
09/11/2021,17:40,BROOKLYN,11228,21.9378263,96.1303347,"(21.9477432, 96.1303347)",12 AVENUE,71 STREET,,0,0,0,0,0,0,0,0,Driver Inattention/Distraction,Unspecified,,,,4456734,Sedan,Station Wagon/Sport Utility Vehicle,,,
09/11/2021,22:15,,,21.9477432,96.1402913,"(21.9577603, 96.1402913)",BELT PARKWAY,,,0,0,0,0,0,0,0,0,Following Too Closely,Unspecified,,,,4455983,Sedan,Station Wagon/Sport Utility Vehicle,,,
09/11/2021,7:15,BROOKLYN,11207,21.9577603,96.150318,"(21.9378263, 96.1206227)",FULTON STREET,SCHENCK AVENUE,,0,0,0,0,0,0,0,0,Unspecified,,,,,4456323,Sedan,,,,
09/10/2021,17:00,QUEENS,11372,21.9378263,96.1603192,"(21.9378263, 96.1206227)",74 STREET,37 AVENUE,,0,0,0,0,0,0,0,0,Driver Inattention/Distraction,Unspecified,,,,4456889,Sedan,Station Wagon/Sport Utility Vehicle,,,
07/08/2021,11:33,BROOKLYN,11236,21.9477432,96.1206227,"(21.9477432, 96.1303347)",,,1222      EAST 83 STREET,0,0,0,0,0,0,0,0,Driver Inexperience,Unspecified,,,,4456679,Sedan,Sedan,,,
09/11/2021,21:48,,,21.9577603,96.1303347,"(21.9577603, 96.1402913)",SUTPHIN BOULEVARD,,,0,0,0,0,0,0,0,0,Alcohol Involvement,Unspecified,,,,4456373,Station Wagon/Sport Utility Vehicle,Sedan,,,
03/26/2022,10:30,,,21.9378263,96.1402913,"(21.9378263, 96.1206227)",BRIGHTON BEACH AVENUE,,,0,0,0,0,0,0,0,0,Following Too Closely,Unspecified,,,,4513885,Station Wagon/Sport Utility Vehicle,Station Wagon/Sport Utility Vehicle,,,
09/11/2021,19:00,,,21.9477432,96.150318,"(21.9378263, 96.1206227)",WEST 120 STREET,,,1,0,0,0,1,0,0,0,Traffic Control Disregarded,Unspecified,,,,4456758,Taxi,Bike,,,
09/11/2021,22:23,BRONX,10452,21.9577603,96.1603192,"(21.9477432, 96.1303347)",OGDEN AVENUE,WEST 164 STREET,,0,0,0,0,0,0,0,0,Following Too Closely,Unspecified,,,,4456498,Station Wagon/Sport Utility Vehicle,Station Wagon/Sport Utility Vehicle,,,
09/11/2021,15:00,QUEENS,11428,21.9378263,96.1206227,"(21.9577603, 96.1402913)",222 STREET,93 ROAD,,1,0,1,0,0,0,0,0,Unspecified,,,,,4455941,Sedan,,,,